id,age,salary,department
0,19,40730.13477671339,IT
1,32,38473.27549925694,Finance
2,64,76334.73575744392,IT
3,54,41590.56792226653,HR
4,44,55289.46961474506,Marketing
5,41,34768.778073863694,IT
6,36,39909.91287352006,Marketing
7,21,38548.231957897464,HR
8,32,65507.09371537209,Finance
9,25,43015.40051438969,Marketing
10,20,27267.410782050858,Marketing
11,39,74045.96292126307,Marketing
12,39,33772.357316481095,Finance
13,33,18238.207537826118,Marketing
14,56,42414.74950946165,Marketing
15,63,55244.30276703386,IT
16,28,51191.26043141291,Finance
17,45,61620.41464823191,Finance
18,62,41988.37906280835,HR
19,29,45959.784985908154,Finance
20,55,28613.83341772076,Finance
21,22,60783.417423391715,HR
22,54,40625.6272873346,Marketing
23,24,56711.56997612221,IT
24,50,59478.334949122895,Finance
25,24,37382.784815084146,Marketing
26,55,48409.45691121605,Marketing
27,27,67567.55833561243,Marketing
28,50,41933.1850182002,Marketing
29,24,17606.828179360487,IT
30,52,45296.34361605197,Marketing
31,21,36318.00299943784,Marketing
32,62,46410.85352023737,HR
33,63,34870.048726596695,Finance
34,40,68953.42931374183,HR
35,24,55351.8975534067,IT
36,63,35947.58564345703,IT
37,38,59812.84475683226,Finance
38,20,53445.29054760889,Finance
39,22,48953.75980247256,Marketing
40,37,80003.99538876061,IT
41,25,39547.63253200464,IT
42,54,54701.95609905402,IT
43,52,56673.77420689947,IT
44,30,44663.57704597597,IT
45,42,72240.16862945192,IT
46,19,28653.446227640812,Finance
47,19,43132.16606724278,Finance
48,20,52061.07102120663,Finance
49,40,18984.63779975084,IT
50,55,49165.86312975114,HR
51,51,68038.19417772072,Finance
52,35,41421.07852210121,Finance
53,44,20887.093991453054,Marketing
54,52,31528.429122920836,IT
55,43,47133.27947805905,Finance
56,48,16474.148968636913,Marketing
57,52,66161.81247782732,Marketing
58,60,54659.388950336455,HR
59,57,52053.96460729724,IT
60,42,50152.547195906576,IT
61,21,49092.014701832486,IT
62,22,31499.17206397215,Finance
63,28,57719.365776840874,IT
64,22,62046.34022044032,Marketing
65,41,56006.93567729166,Finance
66,34,73668.66058055147,Marketing
67,22,35149.14673188802,IT
68,55,51242.17746946402,HR
69,55,57009.22057856434,IT
70,54,63619.731838134096,Finance
71,64,51757.91532854711,Marketing
72,26,60858.37605667034,Finance
73,54,46364.91724403767,Marketing
74,28,47744.91741045363,HR
75,59,40365.23155787551,HR
76,57,20042.432314751382,HR
77,54,30280.62908111174,Finance
78,51,37780.22093512648,HR
79,22,45190.67154649271,Marketing
80,42,51408.692277570284,Finance
81,44,66868.3594848057,Finance
82,33,62359.50361250737,HR
83,38,48017.75982184605,HR
84,46,38239.859714111095,IT
85,57,38734.082356532934,IT
86,58,66430.81338786896,IT
87,33,59508.214390462665,HR
88,22,37910.52163606817,Marketing
89,28,11018.303574828806,IT
90,54,36565.48116853254,IT
91,56,53020.28045174026,Finance
92,46,15360.592608519954,Finance
93,41,50267.60552136564,Marketing
94,64,32640.17256913646,IT
95,25,56054.321664815536,HR
96,52,61784.67491668648,IT
97,21,80633.48722387559,HR
98,62,59980.86123411273,HR
99,31,45998.26500284999,Finance
100,45,38776.30831964035,Finance
101,32,37254.89860405129,Finance
102,56,37075.42238271046,HR
103,47,26440.116089323077,Marketing
104,47,59177.90898832698,HR
105,58,47275.944651990496,HR
106,34,57144.964924093445,HR
107,35,72111.64817300053,IT
108,57,65018.713876010224,IT
109,56,47237.16215937587,Marketing
110,40,63574.87617469646,HR
111,18,47140.68249507698,Finance
112,44,75866.33336741397,Marketing
113,28,36083.5566144516,IT
114,41,35266.03046989731,Marketing
115,46,64145.61697204317,Finance
116,22,55742.98341898,HR
117,36,45890.37880068918,HR
118,25,40011.81191395597,IT
119,27,59911.645974807114,Marketing
120,25,47494.102967546176,IT
121,59,55374.72523999322,HR
122,39,48985.88395156005,HR
123,44,47257.21405479513,HR
124,32,65829.58406180995,Finance
125,19,30555.21976321593,IT
126,28,29050.004920416857,HR
127,44,48452.07950325279,Marketing
128,29,59641.37109922556,IT
129,45,32894.97913377947,Marketing
130,33,70985.99831390027,Finance
131,27,32430.943373109763,Marketing
132,53,27630.774327464787,IT
133,43,37792.57675798678,HR
134,34,85944.79272857106,IT
135,24,59637.26806221394,Marketing
136,19,36085.0535862721,IT
137,21,69450.45737463237,HR
138,32,42879.3723188509,IT
139,61,59251.55078939085,HR
140,36,47644.98638324264,Marketing
141,57,57154.90140871976,Finance
142,29,54018.80685392485,Finance
143,58,52302.97008396218,IT
144,57,76001.92484290352,HR
145,55,34052.19709832213,Marketing
146,40,35558.62314015889,HR
147,47,54734.47409064849,Marketing
148,34,58159.092047331585,HR
149,36,34773.26391180824,Finance
150,24,55953.508082265675,HR
151,56,31897.956627385105,Finance
152,21,59348.81005188258,Finance
153,61,29030.270945758843,Marketing
154,48,41479.89892291608,Finance
155,30,52623.05782650488,Finance
156,56,46342.84693633711,IT
157,31,44761.67548442407,Finance
158,50,22989.39415766385,IT
159,45,29208.01541199546,HR
160,27,68265.77010560101,Marketing
161,34,41899.340073744825,IT
162,20,62579.5975337399,Marketing
163,18,41296.1271771921,Marketing
164,20,43674.206450661724,Marketing
165,61,65027.87827743873,Marketing
166,57,54663.59132460847,Finance
167,39,63606.71591392403,Marketing
168,27,42377.88215180386,HR
169,32,79716.02483507476,Marketing
170,38,22384.649908638792,Finance
171,32,61433.56542864042,IT
172,25,39006.08289511431,Finance
173,42,65376.52854942542,Finance
174,33,77967.68117341743,IT
175,33,70896.54777809822,HR
176,50,61254.00439625163,HR
177,60,36576.78988480105,Finance
178,53,44282.009658570176,IT
179,55,64232.34925562383,Finance
180,24,34549.83170119432,Marketing
181,38,65046.09839719612,IT
182,19,44929.68541676853,HR
183,44,21534.598875373136,HR
184,27,59652.05938905768,Marketing
185,44,46288.76691462094,IT
186,50,38077.97329865786,HR
187,37,35792.69949038228,Marketing
188,20,44560.71424038229,Finance
189,46,48911.484626330355,Marketing
190,29,53163.68158947228,HR
191,32,65125.553879581,HR
192,60,33528.45235742769,IT
193,52,35166.21776006885,HR
194,51,63596.62911772844,Marketing
195,47,35832.330696559824,Finance
196,33,49600.15576020176,Finance
197,20,65080.69694986431,HR
198,27,43657.51029302258,Marketing
199,43,38854.38970117213,Marketing
200,41,56090.53662967624,HR
201,27,67321.46368228135,IT
202,24,62202.73314870742,IT
203,27,58699.964280964916,Finance
204,53,63121.331891411675,IT
205,63,58114.21340941465,IT
206,19,37833.33249790665,Finance
207,19,43175.898603621645,Finance
208,35,29700.477011454692,IT
209,28,75627.03399680428,IT
210,39,68420.57278703681,IT
211,20,46044.84875672901,Finance
212,18,64587.30862368358,Marketing
213,64,53496.96554689423,HR
214,56,42601.590276045456,HR
215,50,37003.54901934355,Marketing
216,43,76123.0523595276,Finance
217,27,30139.477962814995,Finance
218,63,38443.32822720614,HR
219,57,34355.4864417979,HR
220,53,19194.310009078064,Marketing
221,37,59576.23713548868,Marketing
222,38,41398.11837709739,IT
223,47,44927.34699969901,Marketing
224,58,85670.35582291445,Finance
225,53,74124.35308746867,Finance
226,55,38485.162753492994,Finance
227,36,45888.32919856913,Finance
228,63,38691.41093347599,Marketing
229,28,89461.5542855657,Finance
230,61,52970.904660066735,Marketing
231,33,83868.64632763366,IT
232,43,59110.683611432374,IT
233,59,45849.970100710634,Finance
234,19,46454.59138549344,Finance
235,62,39241.51928804642,IT
236,35,72339.39448994107,Finance
237,48,61917.814207025,IT
238,35,63616.773031814584,Marketing
239,27,64395.49619965808,IT
240,23,60684.417136544704,Marketing
241,50,45254.85651804725,HR
242,20,60319.267427460785,IT
243,49,45734.13511591398,Marketing
244,45,82271.76157538091,IT
245,39,59233.97666844416,IT
246,46,39498.86776765686,Marketing
247,56,56228.17886914758,HR
248,53,66019.13596168377,HR
249,32,41518.04841076031,HR
250,57,34100.84250908748,IT
251,54,25298.64449952514,IT
252,54,44872.47792174198,Marketing
253,33,80972.58566191109,Marketing
254,56,73090.32609799295,IT
255,45,47393.096674260756,HR
256,62,38384.274071623775,HR
257,48,37762.78467191993,Marketing
258,51,24782.337726300495,IT
259,63,54192.12849633084,IT
260,38,57586.36978676987,Finance
261,35,40977.91493407963,Marketing
262,44,38976.16883851858,Marketing
263,29,28618.03876354753,IT
264,40,68207.51337605575,HR
265,40,34169.06121534403,HR
266,23,65361.460161718926,Finance
267,53,83097.81473610818,IT
268,34,53062.78024049031,IT
269,18,46790.59776943396,Finance
270,19,38589.24829177993,IT
271,59,73783.47585007938,IT
272,61,61171.37139024236,IT
273,40,73393.59678748128,Marketing
274,60,44702.914145322145,Finance
275,46,84311.69481126542,Marketing
276,19,47234.857278056596,Finance
277,63,47447.20392296549,IT
278,42,28240.148454767193,Finance
279,60,59699.60951111601,Marketing
280,19,63757.230844689686,Finance
281,37,80223.33537105676,Finance
282,63,43378.27138128042,IT
283,48,50679.64844518724,IT
284,21,34386.38419726158,IT
285,58,67220.58462118423,Marketing
286,48,49048.13230613888,IT
287,49,66774.56220458295,Finance
288,34,62769.8445989662,IT
289,36,50830.41471152445,HR
290,21,52545.849038133834,Marketing
291,21,12974.143373576246,IT
292,30,43448.915371795745,Finance
293,51,23583.187156466105,Finance
294,37,42918.002049491886,IT
295,18,51643.58269744595,IT
296,62,24005.85439931408,IT
297,28,46050.71932239074,HR
298,29,45738.1371767976,IT
299,54,53930.80175870732,HR
300,45,61883.61154432114,IT
301,56,82638.82187780498,HR
302,43,25035.929094673884,HR
303,57,14102.309025534225,Finance
304,47,23270.82415420643,HR
305,58,34062.36157142526,Marketing
306,32,59395.59760118543,HR
307,32,58480.405389058025,Finance
308,18,49026.308755303144,IT
309,41,53215.86184133173,Finance
310,21,66441.79441996198,Finance
311,24,58480.75646251893,Finance
312,59,69054.74571173801,HR
313,59,49878.93799169437,Finance
314,52,70483.45761715499,Finance
315,21,44628.2430902887,Marketing
316,56,62057.4715261215,Finance
317,59,39959.149995436026,Marketing
318,62,66624.87063288323,Finance
319,42,62698.37225025721,Finance
320,31,70589.27117699289,HR
321,50,36564.17724500231,IT
322,52,34625.187762600755,Finance
323,50,37188.67464193443,Finance
324,32,39805.789545690954,HR
325,53,42364.36362472053,IT
326,23,49617.57457018566,Finance
327,19,52317.03490986072,HR
328,28,28964.217289349344,IT
329,60,57430.94648876626,IT
330,53,36883.21858345045,Finance
331,27,20123.326007352614,HR
332,39,90936.03881291248,IT
333,56,81069.56560652015,Finance
334,44,48793.59988936422,Marketing
335,18,80556.40931650059,IT
336,60,57308.89579000954,Finance
337,58,61258.61942397513,IT
338,46,19873.749956963406,Finance
339,38,70210.2768294636,Finance
340,54,43476.2832352782,HR
341,63,40354.447021827546,Finance
342,24,49917.41950832959,IT
343,48,59699.21313152842,HR
344,58,59367.393869225234,IT
345,28,58235.61030650264,IT
346,42,49948.660294727284,Finance
347,44,58845.99008510755,Marketing
348,53,57370.69027667264,Finance
349,60,45810.004585757866,Finance
350,33,51135.389219545665,HR
351,41,55530.155400422256,Marketing
352,56,45616.57331316813,HR
353,57,41417.77162846681,Marketing
354,58,58492.35695962275,IT
355,41,48842.29807616021,IT
356,29,34721.13863811982,Marketing
357,46,51716.24729254618,Finance
358,28,31187.163066977413,Finance
359,53,58648.855032755426,HR
360,44,72673.98394064874,Marketing
361,49,38364.58616558425,Finance
362,60,44918.59414620815,HR
363,33,61730.877756535076,IT
364,58,68577.69298186238,Marketing
365,35,33746.23396321416,HR
366,54,41676.46283154498,IT
367,35,63474.03039261127,HR
368,22,44144.24706358339,IT
369,64,59259.6348645124,IT
370,53,50560.6458635867,Finance
371,52,57190.59642761578,HR
372,41,21847.594083235683,Marketing
373,48,49166.270142784204,IT
374,26,52460.877040456784,IT
375,54,37604.85210221803,HR
376,60,61743.82914315387,HR
377,37,45669.27426874405,HR
378,34,39546.40170865133,IT
379,36,46642.00494601041,Marketing
380,36,38332.618418494334,Marketing
381,40,42489.31582579518,HR
382,47,64454.47721716739,Marketing
383,54,51503.21800627628,Marketing
384,36,38439.73195430806,Finance
385,37,74310.57256540001,HR
386,64,39380.24674155536,HR
387,30,42509.133033038685,HR
388,26,29961.42038151026,Marketing
389,62,58230.256474389746,HR
390,54,32835.18891562462,HR
391,29,24007.733999092747,HR
392,36,44348.67174898111,Marketing
393,37,45693.31843452719,IT
394,40,46453.409822788286,Finance
395,51,28685.908882754105,Finance
396,27,50106.677033286556,Marketing
397,27,46241.575034784815,Marketing
398,31,34791.933816179386,Finance
399,25,52822.95563291457,HR
400,63,63904.1125093366,Finance
401,60,44596.187000056365,Marketing
402,63,62267.65941927287,HR
403,21,68633.68490929647,HR
404,64,66593.1603153049,IT
405,29,38472.557061513486,HR
406,64,66721.05303895644,Marketing
407,36,31972.179125788574,IT
408,49,48760.86548088471,Marketing
409,45,76870.62702237314,Marketing
410,49,45056.4415099222,IT
411,40,48855.296982671316,HR
412,24,71738.25978444963,Marketing
413,51,43925.953344096066,IT
414,44,44090.34186141087,Finance
415,43,52541.34015173384,HR
416,34,46512.614779996926,Finance
417,47,42323.05928554104,IT
418,29,65686.64044908455,HR
419,62,31926.85046125175,Marketing
420,57,63337.88832270891,IT
421,27,37967.10816980524,Marketing
422,43,32291.419072929613,Marketing
423,54,68155.849262833,Marketing
424,39,66447.19304266234,HR
425,20,37099.47131814848,HR
426,54,39322.16393506695,Finance
427,30,32618.77589893613,Finance
428,57,48742.35162449929,Finance
429,28,18748.68149675679,HR
430,54,39555.216527786484,HR
431,27,80081.61979507709,HR
432,48,24774.751179423158,HR
433,31,45557.58190270995,HR
434,23,48559.58611343281,IT
435,23,40889.91234465059,Marketing
436,53,77473.22894727142,Marketing
437,40,46172.57205160606,Marketing
438,24,49605.0210231973,Marketing
439,46,41444.14134936777,HR
440,42,60100.39133850855,Finance
441,49,36052.83035404409,HR
442,23,68143.54697469842,HR
443,45,80299.58552673705,IT
444,26,59271.70501038652,Finance
445,34,56324.966804819334,Marketing
446,28,45665.92556017421,HR
447,49,39799.77048334,IT
448,62,45296.54880090983,Marketing
449,20,74857.39985213277,Marketing
450,62,54381.154437635516,HR
451,50,50523.65044775981,HR
452,26,40181.33877263858,IT
453,29,32517.400958090286,IT
454,23,68126.27471470117,HR
455,51,54283.2719867685,Marketing
456,41,31677.365331217796,Marketing
457,34,35781.238315838746,Marketing
458,64,68286.12231247104,IT
459,56,54927.45404000122,Finance
460,26,62644.95520491155,Finance
461,46,51731.499761458566,IT
462,39,68403.6126588885,HR
463,61,25305.606573248886,Finance
464,35,35088.42396136927,IT
465,46,48368.534430217835,HR
466,48,16733.07723718612,Marketing
467,42,45548.405478600725,Finance
468,63,69006.24919407339,HR
469,27,36030.23796821023,HR
470,61,15991.904575864568,Marketing
471,29,55455.22029420361,Finance
472,57,60331.69497427036,Marketing
473,54,56950.80294341027,Finance
474,59,44563.488739429726,Finance
475,64,75241.15210660371,IT
476,61,16939.774058660805,Marketing
477,55,55808.00870883655,Marketing
478,61,71221.415812233,IT
479,36,53634.335535033046,HR
480,59,20808.206765230418,Marketing
481,26,55498.83581159346,Finance
482,61,34965.495570322826,HR
483,31,53294.78144356542,Finance
484,41,46539.64984493211,Marketing
485,44,39956.56625512094,Finance
486,60,17256.89018817335,HR
487,64,62530.86584685213,HR
488,62,65745.30863856494,HR
489,41,62980.97055676467,IT
490,60,51803.211499436096,IT
491,43,66311.00258648962,Marketing
492,25,44118.91554465414,Finance
493,51,54862.91428546478,IT
494,47,49810.582747447326,HR
495,40,57382.605776342294,Marketing
496,24,49104.600653289635,HR
497,39,65108.41617951268,HR
498,24,50433.31655374515,IT
499,34,67459.48228849495,Marketing
500,40,52408.29020871214,HR
501,22,36029.90117786945,IT
502,20,42834.14754219582,Marketing
503,31,90758.4473668942,Marketing
504,51,46348.37935796288,HR
505,42,62957.51697079621,Finance
506,46,53944.966304611116,HR
507,36,46137.589980795325,IT
508,23,61786.777123089094,HR
509,18,42882.417872428916,Marketing
510,56,54577.40535280811,IT
511,33,22520.09024151927,HR
512,27,46086.08943098571,Finance
513,36,42025.06096146731,HR
514,25,54299.55276999217,Marketing
515,45,59224.147451087185,HR
516,37,41594.775689558395,IT
517,24,42397.72663930216,HR
518,27,30613.109971220067,Finance
519,24,39087.14358035617,IT
520,30,29603.823898628594,HR
521,32,54688.53354656863,IT
522,55,66130.0170340104,Marketing
523,30,35925.642907755304,IT
524,53,59451.91823901691,HR
525,30,44656.16925201832,HR
526,28,46130.093597499035,IT
527,35,54744.658288527426,Finance
528,45,36136.36565403772,Marketing
529,21,82784.54824386085,IT
530,47,24398.57412793424,Marketing
531,31,59019.70072449598,Finance
532,32,44275.45387885264,Marketing
533,26,76618.74390340001,Finance
534,22,49104.69658101701,Marketing
535,50,68046.41397634584,Marketing
536,46,53474.939140815564,IT
537,47,63304.128136873325,IT
538,49,77602.20368683302,Marketing
539,52,23168.55697059375,IT
540,29,45234.858952373324,IT
541,31,71675.56008592996,Finance
542,64,65521.93869941021,Marketing
543,27,60834.42002220424,Marketing
544,58,48414.07650008318,Finance
545,45,25398.278653629473,Finance
546,50,76963.94834632831,Marketing
547,47,43507.31854085818,HR
548,33,51740.41369531122,Marketing
549,48,43944.33828194468,Finance
550,32,43100.80777585623,IT
551,47,63122.47646104666,IT
552,22,70901.3229597615,HR
553,57,53924.569892159416,HR
554,62,31571.24410145748,Marketing
555,58,52487.47378003945,Finance
556,30,69890.45291349184,Finance
557,54,51606.65163127454,Marketing
558,24,59610.58025100569,Marketing
559,50,50788.178452345746,IT
560,18,50134.178391787966,Finance
561,56,37225.69491455948,Finance
562,62,35534.64255755806,Finance
563,26,56087.66611894442,Finance
564,30,78585.1362157293,HR
565,29,54254.993608123696,Finance
566,36,66575.12294915479,IT
567,18,67483.09974608022,Marketing
568,53,53465.503271379,HR
569,44,56379.16079971492,IT
570,30,45918.36615350993,IT
571,34,62556.898682562925,Finance
572,24,51149.839876201004,HR
573,41,39613.5592305907,IT
574,52,32180.202089174854,Finance
575,48,48406.121434020555,HR
576,53,37133.702683266,Marketing
577,19,20872.451376752273,Marketing
578,62,68262.10900711353,Marketing
579,37,28884.637871219427,HR
580,39,30583.759992262752,IT
581,64,62384.35274733398,IT
582,49,61491.692722252395,Finance
583,18,31383.07797295865,Finance
584,28,58866.11432035171,IT
585,63,38664.939352081085,Finance
586,24,30084.35725192519,HR
587,63,24060.57059110179,IT
588,50,71632.41926460488,Finance
589,49,58710.12253961885,IT
590,21,40716.202443202536,HR
591,34,50957.65012919367,HR
592,45,33243.13681085556,IT
593,30,53459.99186114966,HR
594,63,74192.76860844642,Finance
595,48,18057.985821426944,Finance
596,25,53788.66670057858,HR
597,29,21227.37406269314,Finance
598,41,50278.08962140799,Marketing
599,24,43161.06748378222,Marketing
600,36,58602.69534568987,Marketing
601,23,44006.828705146225,IT
602,23,82674.16884876152,Finance
603,38,50965.922405382,IT
604,34,15610.261627444534,HR
605,40,65641.94455018474,IT
606,50,77162.05944775416,HR
607,56,58331.07052595512,Marketing
608,43,44080.4619697557,Marketing
609,63,38983.11204195289,Finance
610,44,77336.60367852556,HR
611,62,70968.4580958792,Marketing
612,50,39714.251210361545,HR
613,42,38889.62819076424,Marketing
614,19,81158.51518524783,HR
615,20,55414.58053116081,Finance
616,35,57989.6380750312,HR
617,30,47801.78336703528,Marketing
618,37,39446.63620557454,IT
619,32,85256.45508165243,Marketing
620,56,53032.906620272945,Marketing
621,37,51182.49627366677,IT
622,33,28369.41319537911,Finance
623,18,75464.02753310188,Finance
624,38,64856.59327186259,Finance
625,31,42058.77882696474,Marketing
626,60,57878.11723810258,Finance
627,54,36306.912719898406,HR
628,50,58805.438973488344,IT
629,62,62354.03330515848,Marketing
630,23,35337.45259321982,HR
631,50,53268.3425068348,Finance
632,34,55703.25068367458,HR
633,18,56662.07617284062,IT
634,40,44536.30326139614,Marketing
635,53,24514.801685312785,Finance
636,37,94943.2615003151,Marketing
637,63,59639.56859430921,Finance
638,43,37715.32569220676,IT
639,32,49711.86386382809,HR
640,45,46822.89731206575,HR
641,50,55090.607508763016,IT
642,32,22020.441143396598,IT
643,55,29514.408590399264,Finance
644,45,45567.17573763968,Finance
645,61,42959.52004257834,IT
646,19,47820.89526284426,HR
647,26,45078.586871251755,HR
648,49,48118.40308011934,Finance
649,43,15971.004289753957,IT
650,37,64032.65421553745,HR
651,64,79854.35906838831,HR
652,51,54869.98758223194,IT
653,58,70759.63746653152,IT
654,38,50880.94145204443,Marketing
655,61,29776.26397432054,Marketing
656,41,60130.21842848169,IT
657,40,53443.9931159708,Marketing
658,50,63785.77143960232,Marketing
659,62,47055.52030128994,Finance
660,29,56281.273352605254,IT
661,26,43810.89522869089,HR
662,41,63706.256318057676,IT
663,32,45815.032711399006,Marketing
664,24,58465.79792023859,HR
665,44,5303.112270999364,Finance
666,57,67232.759163318,Finance
667,41,50023.01168218033,Marketing
668,56,32783.36377084895,HR
669,23,33051.721578058336,Marketing
670,18,40851.38219334601,Finance
671,46,28625.248255851227,HR
672,54,50177.65304266488,Marketing
673,33,36698.49258122385,Marketing
674,28,69458.47911232106,IT
675,41,35712.5172648292,HR
676,57,36609.943396228286,IT
677,44,39243.30412910395,Finance
678,40,61318.83053713567,Finance
679,46,34050.551192711966,IT
680,40,64323.16126659948,Marketing
681,24,75434.62357857461,IT
682,59,53209.45578521517,HR
683,32,69794.27412464295,Marketing
684,26,45124.84763684161,IT
685,26,58603.00862411275,HR
686,62,38365.92721135036,Finance
687,38,42947.605357831126,IT
688,34,54050.441671972985,Marketing
689,61,54446.128250661364,Finance
690,36,39263.951161594756,Finance
691,44,47067.245615644664,Finance
692,58,57435.25743903339,Marketing
693,23,50068.38645011815,Finance
694,19,42808.13788567818,Finance
695,49,54088.66887471896,HR
696,37,45473.227476857464,Finance
697,53,65964.73762018626,IT
698,30,26387.12097146486,Finance
699,51,63688.37145569568,IT
700,43,34949.859636571826,IT
701,45,62364.888915361305,Finance
702,56,48177.62334785973,Finance
703,46,71907.5570249404,IT
704,64,51912.710081971,IT
705,32,44456.3221471365,HR
706,44,24204.72137008825,Marketing
707,62,45282.510012339844,Finance
708,27,64414.78068941094,Marketing
709,45,65784.69016149524,Marketing
710,20,53399.892662854305,IT
711,63,60125.95301471078,Finance
712,57,23552.324375238055,Marketing
713,31,27212.48870754514,HR
714,47,44723.18290082111,Finance
715,32,80524.98638201602,IT
716,54,44324.25054236381,Finance
717,58,46670.708929971785,Marketing
718,54,56142.780183480194,Marketing
719,25,48128.44913819577,HR
720,58,69150.51710341139,IT
721,26,15842.033690942475,IT
722,21,49288.13087003643,HR
723,63,82210.10110468214,Finance
724,25,22849.901295998687,Marketing
725,48,40343.125566370836,IT
726,63,54394.21491303373,Finance
727,61,73123.43179505161,Finance
728,58,54485.96310821547,Finance
729,53,40145.85175921052,IT
730,22,49962.6525490509,IT
731,54,42430.05656947386,Marketing
732,23,58439.02642843901,IT
733,40,32373.939616936503,HR
734,26,44710.2821494763,IT
735,51,43574.60020297217,Finance
736,60,47021.16703324402,IT
737,49,72744.84407524683,HR
738,46,36317.876156753424,IT
739,60,45461.80986461721,HR
740,45,62874.863735060564,Finance
741,61,53492.14505691525,Finance
742,43,61148.50439743848,IT
743,62,58672.346486434406,Finance
744,61,38868.93902471479,Marketing
745,64,47292.45866439925,Finance
746,48,21793.93511029375,IT
747,62,32174.868320472408,Finance
748,25,57860.26862037988,HR
749,30,49783.43284754655,Finance
750,31,44492.430107498796,HR
751,35,50304.93794186215,IT
752,28,53418.94728361412,HR
753,42,37321.20330862067,HR
754,63,35000.47706571159,IT
755,57,55300.086031974126,Finance
756,18,63290.137649459066,HR
757,60,57820.445718576404,HR
758,19,56135.82705024084,Marketing
759,23,40521.130434766616,IT
760,54,22096.099211799516,Marketing
761,29,36221.81796980126,HR
762,38,30065.369850075345,Marketing
763,23,60723.04214160162,IT
764,19,69931.36889511775,IT
765,21,59707.25684704525,HR
766,50,37699.19882689198,Finance
767,39,42632.202546744425,Marketing
768,63,89663.98421689747,IT
769,52,30940.073935412875,Marketing
770,37,30240.727727910737,IT
771,36,49272.99639221284,HR
772,43,44018.79696539213,HR
773,33,57593.88711569534,Marketing
774,18,60140.69133439626,Marketing
775,39,43207.32593560624,Marketing
776,24,55146.658406796014,IT
777,48,15028.910487466215,HR
778,59,83962.83206523937,Finance
779,30,37106.50375319348,HR
780,37,54980.75940161669,HR
781,41,49458.845129959765,Marketing
782,53,53180.80804815167,Finance
783,21,52791.52114188723,IT
784,45,42243.58232966171,HR
785,21,43550.979222317044,HR
786,46,78140.74905344982,Marketing
787,62,41646.361199354506,Finance
788,59,44736.63269464973,HR
789,57,67084.93542850025,Finance
790,46,73340.17211103742,Marketing
791,64,49846.01316307846,HR
792,47,38510.54231946732,HR
793,45,54336.32738836913,HR
794,36,31040.311817950136,IT
795,50,45475.49143563008,HR
796,41,67545.1490077538,Marketing
797,26,23838.49180486072,IT
798,56,65177.751478709615,Marketing
799,49,41242.20725218599,IT
800,38,47488.19640415837,Finance
801,61,76120.94287956855,IT
802,52,62987.07754151174,IT
803,53,35712.48009655095,Finance
804,24,41988.4238089564,Finance
805,52,74931.56948850081,IT
806,29,49611.883415270415,Finance
807,50,40840.84753961012,HR
808,41,78550.44776072894,Finance
809,19,55063.118873650914,Marketing
810,20,49537.4298479893,Marketing
811,40,64900.68021926041,Marketing
812,21,35270.82666488106,Marketing
813,37,57004.074386188746,Marketing
814,45,59549.677032629785,IT
815,57,67713.98292503264,IT
816,19,66784.45932007907,HR
817,51,62818.259697909205,IT
818,60,50335.11009383566,Finance
819,54,56914.41093991403,Finance
820,51,59517.090606051686,HR
821,44,33656.60949132409,IT
822,48,76230.11937750995,IT
823,24,64620.088691570796,HR
824,55,49244.64776098803,HR
825,18,34291.575225700435,HR
826,62,51028.39885058471,HR
827,30,50111.0233198076,Marketing
828,39,28233.246065310195,HR
829,60,52805.40228036219,Finance
830,56,65837.07721887984,HR
831,22,45070.00889889981,Marketing
832,33,55716.49522368947,Marketing
833,49,27479.594698804245,Finance
834,55,32273.604689583764,HR
835,41,44301.334987779504,Finance
836,45,76904.35475892828,HR
837,46,64679.040836224965,Marketing
838,46,48138.50605959069,Finance
839,62,70010.16227937494,Marketing
840,30,25604.197219116366,Finance
841,51,74934.0239757412,Marketing
842,32,47792.0973483668,HR
843,27,70681.33703879136,HR
844,48,62906.72424398359,IT
845,49,30297.561973305954,IT
846,47,54712.278910069705,Marketing
847,27,58277.97447038184,Finance
848,36,68680.93747334578,Finance
849,37,26093.718653507218,Marketing
850,33,67242.32862007411,HR
851,39,31211.369299402755,HR
852,19,50162.69703277824,IT
853,19,59971.48505407875,Marketing
854,60,62738.36209304563,Marketing
855,30,44995.226718192425,HR
856,53,35542.78712524213,HR
857,57,43013.64093404441,HR
858,30,56376.389699078325,IT
859,30,42530.65740635252,Finance
860,42,50648.77048690303,HR
861,41,33090.58613430828,HR
862,19,32983.59940363402,Marketing
863,27,19546.23978601554,Marketing
864,34,44295.8390191309,Finance
865,45,41912.64761166975,Marketing
866,49,35154.97148089934,Marketing
867,33,51829.644317443475,IT
868,20,70429.59349231303,Marketing
869,22,45861.455946065595,IT
870,53,65899.10008074294,HR
871,53,29035.30452013594,Marketing
872,56,55127.67487587575,HR
873,32,53328.67833565761,IT
874,35,24840.528631303852,HR
875,24,45070.589044770095,Finance
876,29,33433.083098751136,HR
877,31,55182.89675663897,Finance
878,43,54156.09788856307,IT
879,32,34480.70028588175,IT
880,20,49955.12353840384,Marketing
881,61,39776.12990047678,HR
882,23,50268.14417387123,HR
883,50,27365.66124484118,Marketing
884,44,60055.65122977432,Finance
885,60,41353.97955229917,Finance
886,62,53392.75067172159,Finance
887,34,57578.85527261604,HR
888,60,69810.62864906911,IT
889,32,54640.98320537823,HR
890,57,41465.54006353366,IT
891,64,50241.57881719129,Finance
892,25,48049.093304098365,Marketing
893,58,41481.85926666728,Finance
894,63,58100.65081975227,Finance
895,63,41354.103834588794,Marketing
896,39,25643.334348921635,Finance
897,27,30056.137918333145,IT
898,36,66753.30395749293,HR
899,60,65406.8385211858,Marketing
900,31,53487.99176988748,Marketing
901,41,61651.21618100851,HR
902,62,62068.490615459516,Marketing
903,30,61438.610221283525,Finance
904,33,36546.619849218514,IT
905,23,21778.711207385342,Marketing
906,56,48240.90468368235,Marketing
907,23,44640.11153111807,HR
908,34,59674.10861449535,IT
909,54,47343.932804284814,IT
910,27,70143.08354432145,Marketing
911,42,36823.93997333143,IT
912,20,62623.66611187371,HR
913,47,61359.402788714964,Finance
914,28,77932.76218102874,Marketing
915,62,48007.51647163559,HR
916,20,67822.83767553502,Marketing
917,56,40688.30656807454,Marketing
918,50,48775.22696246306,Finance
919,27,66960.37056318748,Marketing
920,39,51112.52065871111,Finance
921,49,52837.136870615,HR
922,58,39250.31709420547,Marketing
923,54,63384.14371529037,HR
924,22,42423.75819813185,IT
925,25,30467.434339285846,Finance
926,59,28684.463076138818,Marketing
927,42,61643.49004293844,Marketing
928,23,46033.008095767815,HR
929,58,45361.53987326762,Marketing
930,27,62526.90999431502,Marketing
931,48,50575.2153311171,Finance
932,30,58513.544369136485,HR
933,21,32298.78599198562,IT
934,50,61618.61965342919,HR
935,32,22331.979238377964,Marketing
936,30,38189.38052118041,IT
937,63,66645.29110083003,Marketing
938,19,42432.7582325585,HR
939,35,50568.93499307088,Marketing
940,64,30293.039374898435,Finance
941,20,38758.289633923865,HR
942,30,62917.640136796195,Marketing
943,25,32492.81936118485,Marketing
944,25,41055.30263321552,IT
945,41,8699.80589796957,Marketing
946,59,56021.098687178695,Marketing
947,32,36517.897669100865,HR
948,39,39113.382771475626,HR
949,33,61052.58088872875,HR
950,50,53179.452151697595,Finance
951,18,47512.84483635126,IT
952,33,64016.16120356614,Marketing
953,46,23862.122475978664,IT
954,22,30308.1747080738,HR
955,51,39091.45732014141,Finance
956,57,31602.030262858614,Marketing
957,53,49533.92583795165,Marketing
958,39,47568.32069868143,IT
959,41,81704.574275582,Finance
960,22,67895.74193957874,IT
961,59,62046.80101011103,Marketing
962,58,59704.68451100004,Finance
963,60,43629.27521660744,Marketing
964,18,39008.78375605255,HR
965,43,46164.956677848386,IT
966,27,72445.8685952023,IT
967,29,61580.06254240851,IT
968,31,56113.43801974609,Marketing
969,27,73736.03234499722,Finance
970,47,32119.906698131173,Finance
971,50,34717.93643459967,HR
972,45,59671.151382100725,IT
973,31,65335.83872416739,Marketing
974,61,35303.05388198708,Finance
975,42,41835.504162238976,Finance
976,22,45872.00391221889,HR
977,52,49736.41888469534,Finance
978,44,73453.78538938882,HR
979,46,59784.7958761176,Finance
980,20,66398.1886500548,Marketing
981,56,69579.34767048794,Finance
982,37,48199.504221540854,Finance
983,39,57243.757521535685,Finance
984,54,25390.954759698445,Marketing
985,32,13175.55834507051,Finance
986,52,46443.295592321076,HR
987,62,43713.63403478998,IT
988,40,51056.578338723506,Marketing
989,35,37387.77238309545,Marketing
990,58,53759.40930196182,Finance
991,55,51727.1447033317,Marketing
992,44,69311.41315313907,Marketing
993,55,48306.69459118026,Marketing
994,19,51702.02607286123,IT
995,34,59093.274888734835,Finance
996,59,26963.714803349147,Marketing
997,37,32264.655553069893,IT
998,40,55718.718623151326,Finance
999,63,23499.360457357026,IT
